iter	MAE
0	1.298135039e+18
5	1.298135039e+18
10	1.298135039e+18
15	1.298135039e+18
20	1.298135039e+18
25	1.298135039e+18
30	1.298135039e+18
35	1.298135039e+18
40	1.298135039e+18
45	1.298135039e+18
50	1.298135039e+18
55	1.298135039e+18
60	1.298135039e+18
65	1.298135039e+18
70	1.298135039e+18
75	1.298135039e+18
80	1.298135039e+18
85	1.298135039e+18
90	1.298135039e+18
95	1.298135039e+18
99	1.298135039e+18
